{
    "@context": [
        "http://www.w3.org/ns/csvw",
        {
            "@language": "en"
        }
    ],
    "dc:conformsTo": "http://cldf.clld.org/v1.0/terms.rdf#Wordlist",
    "dc:source": "sources.bib",
    "dialect": {
        "commentPrefix": null
    },
    "tables": [
        {
            "dc:conformsTo": "http://cldf.clld.org/v1.0/terms.rdf#FormTable",
            "tableSchema": {
                "columns": [
                    {
                        "datatype": {
                            "base": "string",
                            "format": "[a-zA-Z0-9_\\-]+"
                        },
                        "propertyUrl": "http://cldf.clld.org/v1.0/terms.rdf#id",
                        "required": true,
                        "name": "ID"
                    },
                    {
                        "datatype": "string",
                        "propertyUrl": "http://cldf.clld.org/v1.0/terms.rdf#languageReference",
                        "required": true,
                        "name": "Language_ID"
                    },
                    {
                        "datatype": "string",
                        "propertyUrl": "http://cldf.clld.org/v1.0/terms.rdf#parameterReference",
                        "required": true,
                        "name": "Parameter_ID"
                    },
                    {
                        "datatype": "string",
                        "propertyUrl": "http://cldf.clld.org/v1.0/terms.rdf#form",
                        "required": true,
                        "name": "Form"
                    },
                    {
                        "datatype": "string",
                        "propertyUrl": "http://cldf.clld.org/v1.0/terms.rdf#source",
                        "required": false,
                        "separator": ";",
                        "name": "Source"
                    },
                    {
                        "datatype": "string",
                        "name": "status"
                    },
                    {
                        "datatype": "string",
                        "name": "source_comment"
                    }
                ],
                "foreignKeys": [
                    {
                        "columnReference": [
                            "Language_ID"
                        ],
                        "reference": {
                            "resource": "languages.csv",
                            "columnReference": [
                                "ID"
                            ]
                        }
                    }
                ],
                "primaryKey": [
                    "ID"
                ]
            },
            "url": "forms.csv"
        },
        {
            "dc:conformsTo": "http://cldf.clld.org/v1.0/terms.rdf#LanguageTable",
            "tableSchema": {
                "columns": [
                    {
                        "datatype": {
                            "base": "string",
                            "format": "[a-zA-Z0-9_\\-]+"
                        },
                        "propertyUrl": "http://cldf.clld.org/v1.0/terms.rdf#id",
                        "required": true,
                        "name": "ID"
                    },
                    {
                        "datatype": "string",
                        "propertyUrl": "http://cldf.clld.org/v1.0/terms.rdf#name",
                        "required": false,
                        "name": "Name"
                    },
                    {
                        "datatype": {
                            "base": "string",
                            "format": "[a-z0-9]{4}[1-9][0-9]{3}"
                        },
                        "propertyUrl": "http://cldf.clld.org/v1.0/terms.rdf#glottocode",
                        "required": false,
                        "valueUrl": "http://glottolog.org/resource/languoid/id/{glottocode}",
                        "name": "Glottocode"
                    },
                    {
                        "datatype": {
                            "base": "string",
                            "format": "[a-z]{3}"
                        },
                        "propertyUrl": "http://cldf.clld.org/v1.0/terms.rdf#iso639P3code",
                        "required": false,
                        "name": "ISO639P3code"
                    },
                    {
                        "datatype": "decimal",
                        "name": "concept_count"
                    },
                    {
                        "datatype": "decimal",
                        "name": "word_count"
                    }
                ],
                "primaryKey": [
                    "ID"
                ]
            },
            "url": "languages.csv"
        },
        {
            "dc:conformsTo": "http://cldf.clld.org/v1.0/terms.rdf#CognateTable",
            "tableSchema": {
                "columns": [
                    {
                        "datatype": {
                            "base": "string",
                            "format": "[a-zA-Z0-9_\\-]+"
                        },
                        "propertyUrl": "http://cldf.clld.org/v1.0/terms.rdf#id",
                        "required": true,
                        "name": "ID"
                    },
                    {
                        "datatype": "string",
                        "propertyUrl": "http://cldf.clld.org/v1.0/terms.rdf#formReference",
                        "required": true,
                        "name": "Form_ID"
                    },
                    {
                        "datatype": "string",
                        "propertyUrl": "http://cldf.clld.org/v1.0/terms.rdf#cognatesetReference",
                        "required": true,
                        "name": "Cognateset_ID"
                    },
                    {
                        "datatype": "string",
                        "propertyUrl": "http://cldf.clld.org/v1.0/terms.rdf#source",
                        "required": false,
                        "separator": ";",
                        "name": "Source"
                    },
                    {
                        "datatype": "string",
                        "name": "source_comment"
                    },
                    {
                        "datatype": "string",
                        "name": "Comment"
                    }
                ],
                "foreignKeys": [
                    {
                        "columnReference": [
                            "Form_ID"
                        ],
                        "reference": {
                            "resource": "forms.csv",
                            "columnReference": [
                                "ID"
                            ]
                        }
                    }
                ],
                "primaryKey": [
                    "ID"
                ]
            },
            "url": "cognates.csv"
        }
    ]
}